"entity_cd","entity_name","subject","subgroup_name","tested","per_prof"
"000001000000","ALBANY County","Regents Common Core Algebra I","General Education",567,"84"
"000001000000","ALBANY County","Regents Common Core Algebra I","Multiracial",32,"78"
"000001000000","ALBANY County","Regents Common Core Algebra I","Female",300,"86"
"000001000000","ALBANY County","Regents Common Core Algebra I","Male",308,"79"
"000001000000","ALBANY County","Regents Common Core Algebra I","Black or African American",30,"70"
"000001000000","ALBANY County","Regents Common Core Algebra I","Not Economically Disadvantaged",489,"87"
"000001000000","ALBANY County","Regents Common Core Algebra I","Not Migrant",608,"82"
"000001000000","ALBANY County","Regents Common Core Algebra I","Parent Not in Armed Forces",608,"82"
"000001000000","ALBANY County","Regents Common Core Algebra I","White",424,"81"
"000001000000","ALBANY County","Regents Common Core Algebra I","Asian or Native Hawaiian/Other Pacific Islander",98,"97"
"000001000000","ALBANY County","Regents Common Core Algebra I","Small Group Total",24,"63"
"000001000000","ALBANY County","Regents Common Core Algebra I","Students with Disabilities",41,"49"
"000001000000","ALBANY County","Regents Common Core Algebra I","All Students",608,"82"
"000001000000","ALBANY County","Regents Common Core Algebra I","Economically Disadvantaged",119,"61"
"000002000000","ALLEGANY County","Regents Common Core Algebra I","Male",141,"72"
"000002000000","ALLEGANY County","Regents Common Core Algebra I","General Education",263,"78"
"000002000000","ALLEGANY County","Regents Common Core Algebra I","Multiracial",6,"50"
"000002000000","ALLEGANY County","Regents Common Core Algebra I","Hispanic or Latino",9,"78"
"000002000000","ALLEGANY County","Regents Common Core Algebra I","Female",160,"75"
"000002000000","ALLEGANY County","Regents Common Core Algebra I","Not Economically Disadvantaged",178,"78"
"000002000000","ALLEGANY County","Regents Common Core Algebra I","Parent Not in Armed Forces",301,"73"
"000002000000","ALLEGANY County","Regents Common Core Algebra I","White",279,"73"
"000002000000","ALLEGANY County","Regents Common Core Algebra I","Small Group Total",7,"86"
"000002000000","ALLEGANY County","Regents Common Core Algebra I","Students with Disabilities",38,"39"
"000002000000","ALLEGANY County","Regents Common Core Algebra I","All Students",301,"73"
"000002000000","ALLEGANY County","Regents Common Core Algebra I","Economically Disadvantaged",123,"67"
"000003000000","BROOME County","Regents Common Core Algebra I","Male",410,"72"
"000003000000","BROOME County","Regents Common Core Algebra I","General Education",755,"78"
"000003000000","BROOME County","Regents Common Core Algebra I","Multiracial",56,"57"
"000003000000","BROOME County","Regents Common Core Algebra I","Hispanic or Latino",37,"54"
"000003000000","BROOME County","Regents Common Core Algebra I","Female",430,"76"
"000003000000","BROOME County","Regents Common Core Algebra I","Not Economically Disadvantaged",540,"85"
"000003000000","BROOME County","Regents Common Core Algebra I","Not Migrant",840,"74"
"000003000000","BROOME County","Regents Common Core Algebra I","Parent Not in Armed Forces",840,"74"
"000003000000","BROOME County","Regents Common Core Algebra I","White",652,"77"
"000003000000","BROOME County","Regents Common Core Algebra I","Asian or Native Hawaiian/Other Pacific Islander",59,"88"
"000003000000","BROOME County","Regents Common Core Algebra I","Small Group Total",36,"44"
"000003000000","BROOME County","Regents Common Core Algebra I","Students with Disabilities",85,"40"
"000003000000","BROOME County","Regents Common Core Algebra I","English Language Learners",11,"36"
"000003000000","BROOME County","Regents Common Core Algebra I","All Students",840,"74"
"000003000000","BROOME County","Regents Common Core Algebra I","Non-English Language Learners",829,"75"
"000003000000","BROOME County","Regents Common Core Algebra I","Economically Disadvantaged",300,"54"
"000004000000","CATTARAUGUS County","Regents Common Core Algebra I","Male",265,"63"
"000004000000","CATTARAUGUS County","Regents Common Core Algebra I","American Indian or Alaska Native",33,"45"
"000004000000","CATTARAUGUS County","Regents Common Core Algebra I","General Education",421,"73"
"000004000000","CATTARAUGUS County","Regents Common Core Algebra I","Multiracial",25,"52"
"000004000000","CATTARAUGUS County","Regents Common Core Algebra I","Hispanic or Latino",14,"57"
"000004000000","CATTARAUGUS County","Regents Common Core Algebra I","Female",216,"74"
"000004000000","CATTARAUGUS County","Regents Common Core Algebra I","Not Economically Disadvantaged",258,"77"
"000004000000","CATTARAUGUS County","Regents Common Core Algebra I","Not Migrant",481,"68"
"000004000000","CATTARAUGUS County","Regents Common Core Algebra I","White",396,"72"
"000004000000","CATTARAUGUS County","Regents Common Core Algebra I","Small Group Total",13,"38"
"000004000000","CATTARAUGUS County","Regents Common Core Algebra I","Students with Disabilities",60,"28"
"000004000000","CATTARAUGUS County","Regents Common Core Algebra I","All Students",481,"68"
"000004000000","CATTARAUGUS County","Regents Common Core Algebra I","Non-English Language Learners",481,"68"
"000004000000","CATTARAUGUS County","Regents Common Core Algebra I","Economically Disadvantaged",223,"57"
"000005000000","CAYUGA County","Regents Common Core Algebra I","Male",144,"64"
"000005000000","CAYUGA County","Regents Common Core Algebra I","Not in Foster Care",280,"71"
"000005000000","CAYUGA County","Regents Common Core Algebra I","Not Homeless",280,"71"
"000005000000","CAYUGA County","Regents Common Core Algebra I","General Education",248,"77"
"000005000000","CAYUGA County","Regents Common Core Algebra I","Multiracial",7,"57"
"000005000000","CAYUGA County","Regents Common Core Algebra I","Hispanic or Latino",21,"52"
"000005000000","CAYUGA County","Regents Common Core Algebra I","Female",136,"78"
"000005000000","CAYUGA County","Regents Common Core Algebra I","Not Economically Disadvantaged",182,"82"
"000005000000","CAYUGA County","Regents Common Core Algebra I","Parent Not in Armed Forces",280,"71"
"000005000000","CAYUGA County","Regents Common Core Algebra I","White",243,"73"
"000005000000","CAYUGA County","Regents Common Core Algebra I","Small Group Total",9,"67"
"000005000000","CAYUGA County","Regents Common Core Algebra I","Students with Disabilities",32,"19"
"000005000000","CAYUGA County","Regents Common Core Algebra I","English Language Learners",5,"20"
"000005000000","CAYUGA County","Regents Common Core Algebra I","All Students",280,"71"
"000005000000","CAYUGA County","Regents Common Core Algebra I","Non-English Language Learners",275,"72"
"000005000000","CAYUGA County","Regents Common Core Algebra I","Economically Disadvantaged",98,"49"
"000006000000","CHAUTAUQUA County","Regents Common Core Algebra I","Male",498,"68"
"000006000000","CHAUTAUQUA County","Regents Common Core Algebra I","Not in Foster Care",945,"69"
"000006000000","CHAUTAUQUA County","Regents Common Core Algebra I","Not Homeless",935,"69"
"000006000000","CHAUTAUQUA County","Regents Common Core Algebra I","Homeless",10,"40"
"000006000000","CHAUTAUQUA County","Regents Common Core Algebra I","General Education",819,"75"
"000006000000","CHAUTAUQUA County","Regents Common Core Algebra I","Multiracial",48,"65"
"000006000000","CHAUTAUQUA County","Regents Common Core Algebra I","Hispanic or Latino",74,"39"
"000006000000","CHAUTAUQUA County","Regents Common Core Algebra I","Female",447,"70"
"000006000000","CHAUTAUQUA County","Regents Common Core Algebra I","Black or African American",14,"57"
"000006000000","CHAUTAUQUA County","Regents Common Core Algebra I","Not Economically Disadvantaged",513,"79"
"000006000000","CHAUTAUQUA County","Regents Common Core Algebra I","White",793,"72"
"000006000000","CHAUTAUQUA County","Regents Common Core Algebra I","Small Group Total",16,"50"
"000006000000","CHAUTAUQUA County","Regents Common Core Algebra I","Students with Disabilities",126,"29"
"000006000000","CHAUTAUQUA County","Regents Common Core Algebra I","English Language Learners",7,"00"
"000006000000","CHAUTAUQUA County","Regents Common Core Algebra I","All Students",945,"69"
"000006000000","CHAUTAUQUA County","Regents Common Core Algebra I","Non-English Language Learners",938,"69"
"000006000000","CHAUTAUQUA County","Regents Common Core Algebra I","Economically Disadvantaged",432,"56"
"000007000000","CHEMUNG County","Regents Common Core Algebra I","Male",49,"90"
"000007000000","CHEMUNG County","Regents Common Core Algebra I","Not in Foster Care",104,"86"
"000007000000","CHEMUNG County","Regents Common Core Algebra I","Hispanic or Latino",5,"60"
"000007000000","CHEMUNG County","Regents Common Core Algebra I","Female",55,"82"
"000007000000","CHEMUNG County","Regents Common Core Algebra I","Not Economically Disadvantaged",82,"89"
"000007000000","CHEMUNG County","Regents Common Core Algebra I","Not Migrant",104,"86"
"000007000000","CHEMUNG County","Regents Common Core Algebra I","Parent Not in Armed Forces",104,"86"
"000007000000","CHEMUNG County","Regents Common Core Algebra I","White",87,"86"
"000007000000","CHEMUNG County","Regents Common Core Algebra I","Asian or Native Hawaiian/Other Pacific Islander",7,"100"
"000007000000","CHEMUNG County","Regents Common Core Algebra I","Small Group Total",5,"80"
"000007000000","CHEMUNG County","Regents Common Core Algebra I","All Students",104,"86"
"000007000000","CHEMUNG County","Regents Common Core Algebra I","Economically Disadvantaged",22,"73"
"000008000000","CHENANGO County","Regents Common Core Algebra I","Male",172,"66"
"000008000000","CHENANGO County","Regents Common Core Algebra I","General Education",297,"76"
"000008000000","CHENANGO County","Regents Common Core Algebra I","Hispanic or Latino",13,"85"
"000008000000","CHENANGO County","Regents Common Core Algebra I","Female",174,"73"
"000008000000","CHENANGO County","Regents Common Core Algebra I","Black or African American",7,"43"
"000008000000","CHENANGO County","Regents Common Core Algebra I","Not Economically Disadvantaged",178,"75"
"000008000000","CHENANGO County","Regents Common Core Algebra I","Not Migrant",346,"70"
"000008000000","CHENANGO County","Regents Common Core Algebra I","Parent Not in Armed Forces",346,"70"
"000008000000","CHENANGO County","Regents Common Core Algebra I","White",316,"70"
"000008000000","CHENANGO County","Regents Common Core Algebra I","Small Group Total",10,"70"
"000008000000","CHENANGO County","Regents Common Core Algebra I","Students with Disabilities",49,"33"
"000008000000","CHENANGO County","Regents Common Core Algebra I","All Students",346,"70"
"000008000000","CHENANGO County","Regents Common Core Algebra I","Economically Disadvantaged",168,"64"
"000009000000","CLINTON County","Regents Common Core Algebra I","Male",127,"73"
"000009000000","CLINTON County","Regents Common Core Algebra I","General Education",251,"84"
"000009000000","CLINTON County","Regents Common Core Algebra I","Hispanic or Latino",5,"80"
"000009000000","CLINTON County","Regents Common Core Algebra I","Female",148,"86"
"000009000000","CLINTON County","Regents Common Core Algebra I","Black or African American",7,"86"
"000009000000","CLINTON County","Regents Common Core Algebra I","Not Economically Disadvantaged",191,"85"
"000009000000","CLINTON County","Regents Common Core Algebra I","Not Migrant",275,"80"
"000009000000","CLINTON County","Regents Common Core Algebra I","Parent Not in Armed Forces",275,"80"
"000009000000","CLINTON County","Regents Common Core Algebra I","White",257,"80"
"000009000000","CLINTON County","Regents Common Core Algebra I","Small Group Total",6,"83"
"000009000000","CLINTON County","Regents Common Core Algebra I","Students with Disabilities",24,"38"
"000009000000","CLINTON County","Regents Common Core Algebra I","All Students",275,"80"
"000009000000","CLINTON County","Regents Common Core Algebra I","Non-English Language Learners",275,"80"
"000009000000","CLINTON County","Regents Common Core Algebra I","Economically Disadvantaged",84,"70"
"000010000000","COLUMBIA County","Regents Common Core Algebra I","Male",130,"78"
"000010000000","COLUMBIA County","Regents Common Core Algebra I","Not in Foster Care",264,"82"
"000010000000","COLUMBIA County","Regents Common Core Algebra I","General Education",245,"84"
"000010000000","COLUMBIA County","Regents Common Core Algebra I","Hispanic or Latino",18,"67"
"000010000000","COLUMBIA County","Regents Common Core Algebra I","Female",134,"85"
"000010000000","COLUMBIA County","Regents Common Core Algebra I","Black or African American",7,"57"
"000010000000","COLUMBIA County","Regents Common Core Algebra I","Not Economically Disadvantaged",183,"86"
"000010000000","COLUMBIA County","Regents Common Core Algebra I","White",223,"83"
"000010000000","COLUMBIA County","Regents Common Core Algebra I","Asian or Native Hawaiian/Other Pacific Islander",8,"100"
"000010000000","COLUMBIA County","Regents Common Core Algebra I","Small Group Total",8,"100"
"000010000000","COLUMBIA County","Regents Common Core Algebra I","Students with Disabilities",19,"47"
"000010000000","COLUMBIA County","Regents Common Core Algebra I","English Language Learners",5,"40"
"000010000000","COLUMBIA County","Regents Common Core Algebra I","All Students",264,"82"
"000010000000","COLUMBIA County","Regents Common Core Algebra I","Non-English Language Learners",259,"83"
"000010000000","COLUMBIA County","Regents Common Core Algebra I","Economically Disadvantaged",81,"72"
"000011000000","CORTLAND County","Regents Common Core Algebra I","Male",122,"65"
"000011000000","CORTLAND County","Regents Common Core Algebra I","Not in Foster Care",252,"67"
"000011000000","CORTLAND County","Regents Common Core Algebra I","General Education",212,"76"
"000011000000","CORTLAND County","Regents Common Core Algebra I","Female",130,"70"
"000011000000","CORTLAND County","Regents Common Core Algebra I","Not Economically Disadvantaged",144,"78"
"000011000000","CORTLAND County","Regents Common Core Algebra I","Not Migrant",252,"67"
"000011000000","CORTLAND County","Regents Common Core Algebra I","Parent Not in Armed Forces",252,"67"
"000011000000","CORTLAND County","Regents Common Core Algebra I","White",240,"68"
"000011000000","CORTLAND County","Regents Common Core Algebra I","Small Group Total",12,"67"
"000011000000","CORTLAND County","Regents Common Core Algebra I","Students with Disabilities",40,"20"
"000011000000","CORTLAND County","Regents Common Core Algebra I","All Students",252,"67"
"000011000000","CORTLAND County","Regents Common Core Algebra I","Economically Disadvantaged",108,"53"
"000012000000","DELAWARE County","Regents Common Core Algebra I","Multiracial",6,"100"
"000012000000","DELAWARE County","Regents Common Core Algebra I","Male",152,"61"
"000012000000","DELAWARE County","Regents Common Core Algebra I","Not in Foster Care",322,"69"
"000012000000","DELAWARE County","Regents Common Core Algebra I","Not Homeless",322,"69"
"000012000000","DELAWARE County","Regents Common Core Algebra I","Hispanic or Latino",21,"52"
"000012000000","DELAWARE County","Regents Common Core Algebra I","Female",170,"75"
"000012000000","DELAWARE County","Regents Common Core Algebra I","Black or African American",5,"80"
"000012000000","DELAWARE County","Regents Common Core Algebra I","Not Economically Disadvantaged",184,"76"
"000012000000","DELAWARE County","Regents Common Core Algebra I","Not Migrant",322,"69"
"000012000000","DELAWARE County","Regents Common Core Algebra I","Parent Not in Armed Forces",322,"69"
"000012000000","DELAWARE County","Regents Common Core Algebra I","White",290,"69"
"000012000000","DELAWARE County","Regents Common Core Algebra I","General Education",280,"73"
"000012000000","DELAWARE County","Regents Common Core Algebra I","Students with Disabilities",42,"38"
"000012000000","DELAWARE County","Regents Common Core Algebra I","English Language Learners",5,"60"
"000012000000","DELAWARE County","Regents Common Core Algebra I","All Students",322,"69"
"000012000000","DELAWARE County","Regents Common Core Algebra I","Non-English Language Learners",317,"69"
"000012000000","DELAWARE County","Regents Common Core Algebra I","Economically Disadvantaged",138,"59"
"000013000000","DUTCHESS County","Regents Common Core Algebra I","Male",283,"83"
"000013000000","DUTCHESS County","Regents Common Core Algebra I","Not Homeless",561,"82"
"000013000000","DUTCHESS County","Regents Common Core Algebra I","Homeless",7,"29"
"000013000000","DUTCHESS County","Regents Common Core Algebra I","Multiracial",19,"84"
"000013000000","DUTCHESS County","Regents Common Core Algebra I","Hispanic or Latino",94,"71"
"000013000000","DUTCHESS County","Regents Common Core Algebra I","Female",285,"79"
"000013000000","DUTCHESS County","Regents Common Core Algebra I","Black or African American",29,"52"
"000013000000","DUTCHESS County","Regents Common Core Algebra I","Not Economically Disadvantaged",451,"87"
"000013000000","DUTCHESS County","Regents Common Core Algebra I","Not Migrant",568,"81"
"000013000000","DUTCHESS County","Regents Common Core Algebra I","White",391,"84"
"000013000000","DUTCHESS County","Regents Common Core Algebra I","Asian or Native Hawaiian/Other Pacific Islander",35,"94"
"000013000000","DUTCHESS County","Regents Common Core Algebra I","General Education",530,"85"
"000013000000","DUTCHESS County","Regents Common Core Algebra I","Students with Disabilities",38,"34"
"000013000000","DUTCHESS County","Regents Common Core Algebra I","English Language Learners",5,"20"
"000013000000","DUTCHESS County","Regents Common Core Algebra I","All Students",568,"81"
"000013000000","DUTCHESS County","Regents Common Core Algebra I","Non-English Language Learners",563,"82"
"000013000000","DUTCHESS County","Regents Common Core Algebra I","Economically Disadvantaged",117,"59"
"000014000000","ERIE County","Regents Common Core Algebra I","American Indian or Alaska Native",17,"29"
"000014000000","ERIE County","Regents Common Core Algebra I","Not Homeless",1796,"68"
"000014000000","ERIE County","Regents Common Core Algebra I","Homeless",7,"00"
"000014000000","ERIE County","Regents Common Core Algebra I","Multiracial",61,"67"
"000014000000","ERIE County","Regents Common Core Algebra I","Hispanic or Latino",98,"54"
"000014000000","ERIE County","Regents Common Core Algebra I","Female",897,"72"
"000014000000","ERIE County","Regents Common Core Algebra I","Black or African American",242,"33"
"000014000000","ERIE County","Regents Common Core Algebra I","Not Economically Disadvantaged",1128,"80"
"000014000000","ERIE County","Regents Common Core Algebra I","Not Migrant",1803,"67"
"000014000000","ERIE County","Regents Common Core Algebra I","Male",906,"63"
"000014000000","ERIE County","Regents Common Core Algebra I","White",1244,"73"
"000014000000","ERIE County","Regents Common Core Algebra I","Asian or Native Hawaiian/Other Pacific Islander",141,"89"
"000014000000","ERIE County","Regents Common Core Algebra I","General Education",1594,"72"
"000014000000","ERIE County","Regents Common Core Algebra I","Students with Disabilities",209,"30"
"000014000000","ERIE County","Regents Common Core Algebra I","English Language Learners",39,"36"
"000014000000","ERIE County","Regents Common Core Algebra I","All Students",1803,"67"
"000014000000","ERIE County","Regents Common Core Algebra I","Non-English Language Learners",1764,"68"
"000014000000","ERIE County","Regents Common Core Algebra I","Economically Disadvantaged",675,"47"
"000015000000","ESSEX County","Regents Common Core Algebra I","Not in Foster Care",183,"70"
"000015000000","ESSEX County","Regents Common Core Algebra I","Female",107,"70"
"000015000000","ESSEX County","Regents Common Core Algebra I","Not Economically Disadvantaged",114,"70"
"000015000000","ESSEX County","Regents Common Core Algebra I","Not Migrant",183,"70"
"000015000000","ESSEX County","Regents Common Core Algebra I","Parent Not in Armed Forces",183,"70"
"000015000000","ESSEX County","Regents Common Core Algebra I","Male",76,"71"
"000015000000","ESSEX County","Regents Common Core Algebra I","White",178,"70"
"000015000000","ESSEX County","Regents Common Core Algebra I","Small Group Total",5,"80"
"000015000000","ESSEX County","Regents Common Core Algebra I","General Education",152,"78"
"000015000000","ESSEX County","Regents Common Core Algebra I","Students with Disabilities",31,"35"
"000015000000","ESSEX County","Regents Common Core Algebra I","All Students",183,"70"
"000015000000","ESSEX County","Regents Common Core Algebra I","Non-English Language Learners",183,"70"
"000015000000","ESSEX County","Regents Common Core Algebra I","Economically Disadvantaged",69,"71"
"000016000000","FRANKLIN County","Regents Common Core Algebra I","Female",68,"78"
"000016000000","FRANKLIN County","Regents Common Core Algebra I","Not Economically Disadvantaged",74,"77"
"000016000000","FRANKLIN County","Regents Common Core Algebra I","Male",52,"67"
"000016000000","FRANKLIN County","Regents Common Core Algebra I","Small Group Total",120,"73"
"000016000000","FRANKLIN County","Regents Common Core Algebra I","General Education",111,"77"
"000016000000","FRANKLIN County","Regents Common Core Algebra I","Students with Disabilities",9,"33"
"000016000000","FRANKLIN County","Regents Common Core Algebra I","All Students",120,"73"
"000016000000","FRANKLIN County","Regents Common Core Algebra I","Non-English Language Learners",120,"73"
"000016000000","FRANKLIN County","Regents Common Core Algebra I","Economically Disadvantaged",46,"67"
"000017000000","FULTON County","Regents Common Core Algebra I","Not in Foster Care",223,"62"
"000017000000","FULTON County","Regents Common Core Algebra I","Multiracial",6,"67"
"000017000000","FULTON County","Regents Common Core Algebra I","Hispanic or Latino",12,"33"
"000017000000","FULTON County","Regents Common Core Algebra I","Female",98,"66"
"000017000000","FULTON County","Regents Common Core Algebra I","Not Economically Disadvantaged",138,"64"
"000017000000","FULTON County","Regents Common Core Algebra I","Not Migrant",223,"62"
"000017000000","FULTON County","Regents Common Core Algebra I","Parent Not in Armed Forces",223,"62"
"000017000000","FULTON County","Regents Common Core Algebra I","Male",125,"58"
"000017000000","FULTON County","Regents Common Core Algebra I","White",198,"64"
"000017000000","FULTON County","Regents Common Core Algebra I","Small Group Total",7,"43"
"000017000000","FULTON County","Regents Common Core Algebra I","General Education",192,"68"
"000017000000","FULTON County","Regents Common Core Algebra I","Students with Disabilities",31,"23"
"000017000000","FULTON County","Regents Common Core Algebra I","All Students",223,"62"
"000017000000","FULTON County","Regents Common Core Algebra I","Non-English Language Learners",223,"62"
"000017000000","FULTON County","Regents Common Core Algebra I","Economically Disadvantaged",85,"58"
"000018000000","GENESEE County","Regents Common Core Algebra I","Not in Foster Care",319,"73"
"000018000000","GENESEE County","Regents Common Core Algebra I","Hispanic or Latino",18,"67"
"000018000000","GENESEE County","Regents Common Core Algebra I","Female",145,"75"
"000018000000","GENESEE County","Regents Common Core Algebra I","Black or African American",10,"40"
"000018000000","GENESEE County","Regents Common Core Algebra I","Not Economically Disadvantaged",207,"78"
"000018000000","GENESEE County","Regents Common Core Algebra I","Parent Not in Armed Forces",319,"73"
"000018000000","GENESEE County","Regents Common Core Algebra I","Male",174,"72"
"000018000000","GENESEE County","Regents Common Core Algebra I","White",282,"75"
"000018000000","GENESEE County","Regents Common Core Algebra I","Small Group Total",9,"67"
"000018000000","GENESEE County","Regents Common Core Algebra I","General Education",285,"78"
"000018000000","GENESEE County","Regents Common Core Algebra I","Students with Disabilities",34,"32"
"000018000000","GENESEE County","Regents Common Core Algebra I","English Language Learners",8,"63"
"000018000000","GENESEE County","Regents Common Core Algebra I","All Students",319,"73"
"000018000000","GENESEE County","Regents Common Core Algebra I","Non-English Language Learners",311,"74"
"000018000000","GENESEE County","Regents Common Core Algebra I","Economically Disadvantaged",112,"64"
"000019000000","GREENE County","Regents Common Core Algebra I","Not in Foster Care",121,"79"
"000019000000","GREENE County","Regents Common Core Algebra I","Not Homeless",121,"79"
"000019000000","GREENE County","Regents Common Core Algebra I","Multiracial",5,"80"
"000019000000","GREENE County","Regents Common Core Algebra I","Hispanic or Latino",14,"71"
"000019000000","GREENE County","Regents Common Core Algebra I","Female",62,"84"
"000019000000","GREENE County","Regents Common Core Algebra I","Not Economically Disadvantaged",70,"89"
"000019000000","GREENE County","Regents Common Core Algebra I","Parent Not in Armed Forces",121,"79"
"000019000000","GREENE County","Regents Common Core Algebra I","Male",59,"75"
"000019000000","GREENE County","Regents Common Core Algebra I","White",96,"82"
"000019000000","GREENE County","Regents Common Core Algebra I","Small Group Total",6,"50"
"000019000000","GREENE County","Regents Common Core Algebra I","General Education",114,"82"
"000019000000","GREENE County","Regents Common Core Algebra I","Students with Disabilities",7,"43"
"000019000000","GREENE County","Regents Common Core Algebra I","All Students",121,"79"
"000019000000","GREENE County","Regents Common Core Algebra I","Non-English Language Learners",121,"79"
"000019000000","GREENE County","Regents Common Core Algebra I","Economically Disadvantaged",51,"67"
"000020000000","HAMILTON County","Regents Common Core Algebra I","Not Homeless",33,"61"
"000020000000","HAMILTON County","Regents Common Core Algebra I","Female",16,"56"
"000020000000","HAMILTON County","Regents Common Core Algebra I","Not Economically Disadvantaged",23,"65"
"000020000000","HAMILTON County","Regents Common Core Algebra I","Not Migrant",33,"61"
"000020000000","HAMILTON County","Regents Common Core Algebra I","Parent Not in Armed Forces",33,"61"
"000020000000","HAMILTON County","Regents Common Core Algebra I","Male",17,"65"
"000020000000","HAMILTON County","Regents Common Core Algebra I","Small Group Total",33,"61"
"000020000000","HAMILTON County","Regents Common Core Algebra I","General Education",24,"71"
"000020000000","HAMILTON County","Regents Common Core Algebra I","Students with Disabilities",9,"33"
"000020000000","HAMILTON County","Regents Common Core Algebra I","All Students",33,"61"
"000020000000","HAMILTON County","Regents Common Core Algebra I","Economically Disadvantaged",10,"50"
"000021000000","HERKIMER County","Regents Common Core Algebra I","Not in Foster Care",295,"67"
"000021000000","HERKIMER County","Regents Common Core Algebra I","Not Homeless",295,"67"
"000021000000","HERKIMER County","Regents Common Core Algebra I","Female",147,"69"
"000021000000","HERKIMER County","Regents Common Core Algebra I","Black or African American",9,"33"
"000021000000","HERKIMER County","Regents Common Core Algebra I","Not Economically Disadvantaged",157,"76"
"000021000000","HERKIMER County","Regents Common Core Algebra I","Not Migrant",295,"67"
"000021000000","HERKIMER County","Regents Common Core Algebra I","Parent Not in Armed Forces",295,"67"
"000021000000","HERKIMER County","Regents Common Core Algebra I","Male",148,"65"
"000021000000","HERKIMER County","Regents Common Core Algebra I","White",277,"68"
"000021000000","HERKIMER County","Regents Common Core Algebra I","Small Group Total",9,"67"
"000021000000","HERKIMER County","Regents Common Core Algebra I","General Education",246,"74"
"000021000000","HERKIMER County","Regents Common Core Algebra I","Students with Disabilities",49,"31"
"000021000000","HERKIMER County","Regents Common Core Algebra I","All Students",295,"67"
"000021000000","HERKIMER County","Regents Common Core Algebra I","Non-English Language Learners",295,"67"
"000021000000","HERKIMER County","Regents Common Core Algebra I","Economically Disadvantaged",138,"57"
"000022000000","JEFFERSON County","Regents Common Core Algebra I","Parent in Armed Forces",88,"74"
"000022000000","JEFFERSON County","Regents Common Core Algebra I","Not Homeless",482,"69"
"000022000000","JEFFERSON County","Regents Common Core Algebra I","Homeless",5,"00"
"000022000000","JEFFERSON County","Regents Common Core Algebra I","Multiracial",30,"83"
"000022000000","JEFFERSON County","Regents Common Core Algebra I","Hispanic or Latino",23,"78"
"000022000000","JEFFERSON County","Regents Common Core Algebra I","Female",242,"74"
"000022000000","JEFFERSON County","Regents Common Core Algebra I","Black or African American",16,"50"
"000022000000","JEFFERSON County","Regents Common Core Algebra I","Not Economically Disadvantaged",269,"80"
"000022000000","JEFFERSON County","Regents Common Core Algebra I","Not Migrant",487,"69"
"000022000000","JEFFERSON County","Regents Common Core Algebra I","Parent Not in Armed Forces",399,"67"
"000022000000","JEFFERSON County","Regents Common Core Algebra I","Male",245,"63"
"000022000000","JEFFERSON County","Regents Common Core Algebra I","White",409,"68"
"000022000000","JEFFERSON County","Regents Common Core Algebra I","Small Group Total",9,"67"
"000022000000","JEFFERSON County","Regents Common Core Algebra I","General Education",413,"76"
"000022000000","JEFFERSON County","Regents Common Core Algebra I","Students with Disabilities",74,"30"
"000022000000","JEFFERSON County","Regents Common Core Algebra I","All Students",487,"69"
"000022000000","JEFFERSON County","Regents Common Core Algebra I","Economically Disadvantaged",218,"55"
"000023000000","LEWIS County","Regents Common Core Algebra I","Students with Disabilities",24,"29"
"000023000000","LEWIS County","Regents Common Core Algebra I","Not in Foster Care",208,"77"
"000023000000","LEWIS County","Regents Common Core Algebra I","Female",94,"85"
"000023000000","LEWIS County","Regents Common Core Algebra I","Not Economically Disadvantaged",119,"82"
"000023000000","LEWIS County","Regents Common Core Algebra I","Not Migrant",208,"77"
"000023000000","LEWIS County","Regents Common Core Algebra I","Male",114,"71"
"000023000000","LEWIS County","Regents Common Core Algebra I","White",198,"78"
"000023000000","LEWIS County","Regents Common Core Algebra I","Small Group Total",10,"70"
"000023000000","LEWIS County","Regents Common Core Algebra I","General Education",184,"84"
"000023000000","LEWIS County","Regents Common Core Algebra I","All Students",208,"77"
"000023000000","LEWIS County","Regents Common Core Algebra I","Non-English Language Learners",208,"77"
"000023000000","LEWIS County","Regents Common Core Algebra I","Economically Disadvantaged",89,"72"
"000024000000","LIVINGSTON County","Regents Common Core Algebra I","Hispanic or Latino",18,"56"
"000024000000","LIVINGSTON County","Regents Common Core Algebra I","Female",154,"77"
"000024000000","LIVINGSTON County","Regents Common Core Algebra I","Not Economically Disadvantaged",212,"77"
"000024000000","LIVINGSTON County","Regents Common Core Algebra I","Not Migrant",326,"66"
"000024000000","LIVINGSTON County","Regents Common Core Algebra I","Male",172,"56"
"000024000000","LIVINGSTON County","Regents Common Core Algebra I","White",295,"66"
"000024000000","LIVINGSTON County","Regents Common Core Algebra I","Small Group Total",7,"86"
"000024000000","LIVINGSTON County","Regents Common Core Algebra I","General Education",283,"70"
"000024000000","LIVINGSTON County","Regents Common Core Algebra I","Students with Disabilities",43,"42"
"000024000000","LIVINGSTON County","Regents Common Core Algebra I","All Students",326,"66"
"000024000000","LIVINGSTON County","Regents Common Core Algebra I","Black or African American",6,"67"
"000024000000","LIVINGSTON County","Regents Common Core Algebra I","Economically Disadvantaged",114,"46"
"000025000000","MADISON County","Regents Common Core Algebra I","Not in Foster Care",534,"74"
"000025000000","MADISON County","Regents Common Core Algebra I","Multiracial",10,"50"
"000025000000","MADISON County","Regents Common Core Algebra I","Hispanic or Latino",14,"100"
"000025000000","MADISON County","Regents Common Core Algebra I","Female",290,"77"
"000025000000","MADISON County","Regents Common Core Algebra I","Black or African American",5,"40"
"000025000000","MADISON County","Regents Common Core Algebra I","Not Economically Disadvantaged",353,"81"
"000025000000","MADISON County","Regents Common Core Algebra I","Not Migrant",534,"74"
"000025000000","MADISON County","Regents Common Core Algebra I","Parent Not in Armed Forces",534,"74"
"000025000000","MADISON County","Regents Common Core Algebra I","Male",244,"70"
"000025000000","MADISON County","Regents Common Core Algebra I","White",498,"73"
"000025000000","MADISON County","Regents Common Core Algebra I","Small Group Total",7,"86"
"000025000000","MADISON County","Regents Common Core Algebra I","General Education",463,"81"
"000025000000","MADISON County","Regents Common Core Algebra I","Students with Disabilities",71,"24"
"000025000000","MADISON County","Regents Common Core Algebra I","All Students",534,"74"
"000025000000","MADISON County","Regents Common Core Algebra I","Economically Disadvantaged",181,"59"
"000026000000","MONROE County","Regents Common Core Algebra I","Not Homeless",2096,"77"
"000026000000","MONROE County","Regents Common Core Algebra I","Homeless",10,"10"
"000026000000","MONROE County","Regents Common Core Algebra I","Hispanic or Latino",181,"50"
"000026000000","MONROE County","Regents Common Core Algebra I","Female",1042,"79"
"000026000000","MONROE County","Regents Common Core Algebra I","Black or African American",299,"31"
"000026000000","MONROE County","Regents Common Core Algebra I","Not Economically Disadvantaged",1469,"89"
"000026000000","MONROE County","Regents Common Core Algebra I","Not Migrant",2106,"77"
"000026000000","MONROE County","Regents Common Core Algebra I","Parent Not in Armed Forces",2106,"77"
"000026000000","MONROE County","Regents Common Core Algebra I","Male",1064,"75"
"000026000000","MONROE County","Regents Common Core Algebra I","White",1391,"89"
"000026000000","MONROE County","Regents Common Core Algebra I","Asian or Native Hawaiian/Other Pacific Islander",132,"93"
"000026000000","MONROE County","Regents Common Core Algebra I","Small Group Total",103,"74"
"000026000000","MONROE County","Regents Common Core Algebra I","General Education",1931,"80"
"000026000000","MONROE County","Regents Common Core Algebra I","Students with Disabilities",175,"39"
"000026000000","MONROE County","Regents Common Core Algebra I","English Language Learners",33,"48"
"000026000000","MONROE County","Regents Common Core Algebra I","All Students",2106,"77"
"000026000000","MONROE County","Regents Common Core Algebra I","Non-English Language Learners",2073,"77"
"000026000000","MONROE County","Regents Common Core Algebra I","Economically Disadvantaged",637,"49"
"000027000000","MONTGOMERY County","Regents Common Core Algebra I","Not in Foster Care",146,"61"
"000027000000","MONTGOMERY County","Regents Common Core Algebra I","Not Homeless",146,"61"
"000027000000","MONTGOMERY County","Regents Common Core Algebra I","Hispanic or Latino",9,"33"
"000027000000","MONTGOMERY County","Regents Common Core Algebra I","Female",69,"70"
"000027000000","MONTGOMERY County","Regents Common Core Algebra I","Not Economically Disadvantaged",75,"76"
"000027000000","MONTGOMERY County","Regents Common Core Algebra I","Not Migrant",146,"61"
"000027000000","MONTGOMERY County","Regents Common Core Algebra I","Male",77,"53"
"000027000000","MONTGOMERY County","Regents Common Core Algebra I","White",130,"65"
"000027000000","MONTGOMERY County","Regents Common Core Algebra I","Small Group Total",7,"29"
"000027000000","MONTGOMERY County","Regents Common Core Algebra I","General Education",131,"64"
"000027000000","MONTGOMERY County","Regents Common Core Algebra I","Students with Disabilities",15,"33"
"000027000000","MONTGOMERY County","Regents Common Core Algebra I","All Students",146,"61"
"000027000000","MONTGOMERY County","Regents Common Core Algebra I","Economically Disadvantaged",71,"45"
"000028000000","NASSAU County","Regents Common Core Algebra I","American Indian or Alaska Native",13,"69"
"000028000000","NASSAU County","Regents Common Core Algebra I","Not Homeless",5836,"86"
"000028000000","NASSAU County","Regents Common Core Algebra I","Homeless",59,"37"
"000028000000","NASSAU County","Regents Common Core Algebra I","Multiracial",124,"88"
"000028000000","NASSAU County","Regents Common Core Algebra I","Hispanic or Latino",1149,"65"
"000028000000","NASSAU County","Regents Common Core Algebra I","Female",2835,"88"
"000028000000","NASSAU County","Regents Common Core Algebra I","Black or African American",395,"68"
"000028000000","NASSAU County","Regents Common Core Algebra I","Not Economically Disadvantaged",4640,"90"
"000028000000","NASSAU County","Regents Common Core Algebra I","Parent Not in Armed Forces",5895,"85"
"000028000000","NASSAU County","Regents Common Core Algebra I","Male",3060,"83"
"000028000000","NASSAU County","Regents Common Core Algebra I","White",2996,"91"
"000028000000","NASSAU County","Regents Common Core Algebra I","Asian or Native Hawaiian/Other Pacific Islander",1218,"95"
"000028000000","NASSAU County","Regents Common Core Algebra I","General Education",5421,"87"
"000028000000","NASSAU County","Regents Common Core Algebra I","Students with Disabilities",474,"60"
"000028000000","NASSAU County","Regents Common Core Algebra I","English Language Learners",282,"34"
"000028000000","NASSAU County","Regents Common Core Algebra I","All Students",5895,"85"
"000028000000","NASSAU County","Regents Common Core Algebra I","Non-English Language Learners",5613,"88"
"000028000000","NASSAU County","Regents Common Core Algebra I","Economically Disadvantaged",1255,"68"
"000031000000","NEW YORK County","Regents Common Core Algebra I","American Indian or Alaska Native",13,"62"
"000031000000","NEW YORK County","Regents Common Core Algebra I","Not Homeless",1319,"67"
"000031000000","NEW YORK County","Regents Common Core Algebra I","Homeless",124,"50"
"000031000000","NEW YORK County","Regents Common Core Algebra I","Multiracial",79,"89"
"000031000000","NEW YORK County","Regents Common Core Algebra I","Hispanic or Latino",433,"49"
"000031000000","NEW YORK County","Regents Common Core Algebra I","Female",721,"67"
"000031000000","NEW YORK County","Regents Common Core Algebra I","Black or African American",401,"43"
"000031000000","NEW YORK County","Regents Common Core Algebra I","Not Economically Disadvantaged",566,"84"
"000031000000","NEW YORK County","Regents Common Core Algebra I","Not Migrant",1443,"65"
"000031000000","NEW YORK County","Regents Common Core Algebra I","Parent Not in Armed Forces",1443,"65"
"000031000000","NEW YORK County","Regents Common Core Algebra I","Male",722,"63"
"000031000000","NEW YORK County","Regents Common Core Algebra I","White",260,"93"
"000031000000","NEW YORK County","Regents Common Core Algebra I","Asian or Native Hawaiian/Other Pacific Islander",257,"93"
"000031000000","NEW YORK County","Regents Common Core Algebra I","General Education",1244,"71"
"000031000000","NEW YORK County","Regents Common Core Algebra I","Students with Disabilities",199,"28"
"000031000000","NEW YORK County","Regents Common Core Algebra I","English Language Learners",60,"53"
"000031000000","NEW YORK County","Regents Common Core Algebra I","All Students",1443,"65"
"000031000000","NEW YORK County","Regents Common Core Algebra I","Non-English Language Learners",1383,"66"
"000031000000","NEW YORK County","Regents Common Core Algebra I","Economically Disadvantaged",877,"53"
"000032000000","BRONX County","Regents Common Core Algebra I","American Indian or Alaska Native",5,"80"
"000032000000","BRONX County","Regents Common Core Algebra I","In Foster Care",7,"14"
"000032000000","BRONX County","Regents Common Core Algebra I","Not in Foster Care",1275,"46"
"000032000000","BRONX County","Regents Common Core Algebra I","Not Homeless",1117,"47"
"000032000000","BRONX County","Regents Common Core Algebra I","Homeless",165,"33"
"000032000000","BRONX County","Regents Common Core Algebra I","Multiracial",12,"58"
"000032000000","BRONX County","Regents Common Core Algebra I","Hispanic or Latino",829,"44"
"000032000000","BRONX County","Regents Common Core Algebra I","Female",652,"50"
"000032000000","BRONX County","Regents Common Core Algebra I","Black or African American",336,"39"
"000032000000","BRONX County","Regents Common Core Algebra I","Not Economically Disadvantaged",185,"64"
"000032000000","BRONX County","Regents Common Core Algebra I","Not Migrant",1282,"45"
"000032000000","BRONX County","Regents Common Core Algebra I","Male",630,"41"
"000032000000","BRONX County","Regents Common Core Algebra I","White",51,"80"
"000032000000","BRONX County","Regents Common Core Algebra I","Asian or Native Hawaiian/Other Pacific Islander",49,"67"
"000032000000","BRONX County","Regents Common Core Algebra I","General Education",1074,"51"
"000032000000","BRONX County","Regents Common Core Algebra I","Students with Disabilities",208,"15"
"000032000000","BRONX County","Regents Common Core Algebra I","English Language Learners",197,"22"
"000032000000","BRONX County","Regents Common Core Algebra I","All Students",1282,"45"
"000032000000","BRONX County","Regents Common Core Algebra I","Non-English Language Learners",1085,"50"
"000032000000","BRONX County","Regents Common Core Algebra I","Economically Disadvantaged",1097,"42"
"000033000000","KINGS County","Regents Common Core Algebra I","American Indian or Alaska Native",20,"35"
"000033000000","KINGS County","Regents Common Core Algebra I","In Foster Care",7,"43"
"000033000000","KINGS County","Regents Common Core Algebra I","Not in Foster Care",2011,"59"
"000033000000","KINGS County","Regents Common Core Algebra I","Not Homeless",1902,"60"
"000033000000","KINGS County","Regents Common Core Algebra I","Homeless",116,"42"
"000033000000","KINGS County","Regents Common Core Algebra I","Multiracial",48,"79"
"000033000000","KINGS County","Regents Common Core Algebra I","Hispanic or Latino",514,"48"
"000033000000","KINGS County","Regents Common Core Algebra I","Female",942,"60"
"000033000000","KINGS County","Regents Common Core Algebra I","Black or African American",651,"41"
"000033000000","KINGS County","Regents Common Core Algebra I","Not Economically Disadvantaged",579,"71"
"000033000000","KINGS County","Regents Common Core Algebra I","Not Migrant",2018,"59"
"000033000000","KINGS County","Regents Common Core Algebra I","Parent Not in Armed Forces",2018,"59"
"000033000000","KINGS County","Regents Common Core Algebra I","Male",1076,"58"
"000033000000","KINGS County","Regents Common Core Algebra I","White",385,"80"
"000033000000","KINGS County","Regents Common Core Algebra I","Asian or Native Hawaiian/Other Pacific Islander",400,"81"
"000033000000","KINGS County","Regents Common Core Algebra I","General Education",1706,"64"
"000033000000","KINGS County","Regents Common Core Algebra I","Students with Disabilities",312,"29"
"000033000000","KINGS County","Regents Common Core Algebra I","English Language Learners",180,"33"
"000033000000","KINGS County","Regents Common Core Algebra I","All Students",2018,"59"
"000033000000","KINGS County","Regents Common Core Algebra I","Non-English Language Learners",1838,"61"
"000033000000","KINGS County","Regents Common Core Algebra I","Economically Disadvantaged",1439,"54"
"000034000000","QUEENS County","Regents Common Core Algebra I","American Indian or Alaska Native",32,"59"
"000034000000","QUEENS County","Regents Common Core Algebra I","Not Homeless",2404,"78"
"000034000000","QUEENS County","Regents Common Core Algebra I","Homeless",103,"62"
"000034000000","QUEENS County","Regents Common Core Algebra I","Multiracial",63,"89"
"000034000000","QUEENS County","Regents Common Core Algebra I","Hispanic or Latino",732,"63"
"000034000000","QUEENS County","Regents Common Core Algebra I","Female",1256,"79"
"000034000000","QUEENS County","Regents Common Core Algebra I","Black or African American",239,"49"
"000034000000","QUEENS County","Regents Common Core Algebra I","Not Economically Disadvantaged",927,"85"
"000034000000","QUEENS County","Regents Common Core Algebra I","Not Migrant",2507,"77"
"000034000000","QUEENS County","Regents Common Core Algebra I","Male",1251,"76"
"000034000000","QUEENS County","Regents Common Core Algebra I","White",414,"88"
"000034000000","QUEENS County","Regents Common Core Algebra I","Asian or Native Hawaiian/Other Pacific Islander",1027,"89"
"000034000000","QUEENS County","Regents Common Core Algebra I","General Education",2329,"81"
"000034000000","QUEENS County","Regents Common Core Algebra I","Students with Disabilities",178,"33"
"000034000000","QUEENS County","Regents Common Core Algebra I","English Language Learners",142,"53"
"000034000000","QUEENS County","Regents Common Core Algebra I","All Students",2507,"77"
"000034000000","QUEENS County","Regents Common Core Algebra I","Non-English Language Learners",2365,"79"
"000034000000","QUEENS County","Regents Common Core Algebra I","Economically Disadvantaged",1580,"72"
"000035000000","RICHMOND County","Regents Common Core Algebra I","Asian or Native Hawaiian/Other Pacific Islander",94,"93"
"000035000000","RICHMOND County","Regents Common Core Algebra I","Not Homeless",504,"88"
"000035000000","RICHMOND County","Regents Common Core Algebra I","Homeless",7,"86"
"000035000000","RICHMOND County","Regents Common Core Algebra I","Hispanic or Latino",95,"73"
"000035000000","RICHMOND County","Regents Common Core Algebra I","Female",232,"88"
"000035000000","RICHMOND County","Regents Common Core Algebra I","Black or African American",31,"65"
"000035000000","RICHMOND County","Regents Common Core Algebra I","Not Economically Disadvantaged",300,"94"
"000035000000","RICHMOND County","Regents Common Core Algebra I","Not Migrant",511,"88"
"000035000000","RICHMOND County","Regents Common Core Algebra I","Parent Not in Armed Forces",511,"88"
"000035000000","RICHMOND County","Regents Common Core Algebra I","Male",279,"87"
"000035000000","RICHMOND County","Regents Common Core Algebra I","White",275,"93"
"000035000000","RICHMOND County","Regents Common Core Algebra I","Small Group Total",16,"94"
"000035000000","RICHMOND County","Regents Common Core Algebra I","General Education",466,"90"
"000035000000","RICHMOND County","Regents Common Core Algebra I","Students with Disabilities",45,"64"
"000035000000","RICHMOND County","Regents Common Core Algebra I","English Language Learners",5,"20"
"000035000000","RICHMOND County","Regents Common Core Algebra I","All Students",511,"88"
"000035000000","RICHMOND County","Regents Common Core Algebra I","Non-English Language Learners",506,"88"
"000035000000","RICHMOND County","Regents Common Core Algebra I","Economically Disadvantaged",211,"79"
"000040000000","NIAGARA County","Regents Common Core Algebra I","American Indian or Alaska Native",11,"18"
"000040000000","NIAGARA County","Regents Common Core Algebra I","Not Homeless",552,"58"
"000040000000","NIAGARA County","Regents Common Core Algebra I","Homeless",8,"13"
"000040000000","NIAGARA County","Regents Common Core Algebra I","Multiracial",50,"32"
"000040000000","NIAGARA County","Regents Common Core Algebra I","Hispanic or Latino",28,"39"
"000040000000","NIAGARA County","Regents Common Core Algebra I","Female",270,"61"
"000040000000","NIAGARA County","Regents Common Core Algebra I","Black or African American",55,"07"
"000040000000","NIAGARA County","Regents Common Core Algebra I","Not Economically Disadvantaged",289,"79"
"000040000000","NIAGARA County","Regents Common Core Algebra I","Male",290,"54"
"000040000000","NIAGARA County","Regents Common Core Algebra I","White",398,"70"
"000040000000","NIAGARA County","Regents Common Core Algebra I","Asian or Native Hawaiian/Other Pacific Islander",18,"72"
"000040000000","NIAGARA County","Regents Common Core Algebra I","General Education",500,"62"
"000040000000","NIAGARA County","Regents Common Core Algebra I","Students with Disabilities",60,"20"
"000040000000","NIAGARA County","Regents Common Core Algebra I","English Language Learners",6,"33"
"000040000000","NIAGARA County","Regents Common Core Algebra I","All Students",560,"58"
"000040000000","NIAGARA County","Regents Common Core Algebra I","Non-English Language Learners",554,"58"
"000040000000","NIAGARA County","Regents Common Core Algebra I","Economically Disadvantaged",271,"35"
"000041000000","ONEIDA County","Regents Common Core Algebra I","Multiracial",33,"61"
"000041000000","ONEIDA County","Regents Common Core Algebra I","Hispanic or Latino",54,"37"
"000041000000","ONEIDA County","Regents Common Core Algebra I","Female",473,"75"
"000041000000","ONEIDA County","Regents Common Core Algebra I","Black or African American",51,"35"
"000041000000","ONEIDA County","Regents Common Core Algebra I","Not Economically Disadvantaged",522,"82"
"000041000000","ONEIDA County","Regents Common Core Algebra I","Not Migrant",958,"70"
"000041000000","ONEIDA County","Regents Common Core Algebra I","Male",485,"65"
"000041000000","ONEIDA County","Regents Common Core Algebra I","White",724,"75"
"000041000000","ONEIDA County","Regents Common Core Algebra I","Asian or Native Hawaiian/Other Pacific Islander",96,"75"
"000041000000","ONEIDA County","Regents Common Core Algebra I","General Education",853,"75"
"000041000000","ONEIDA County","Regents Common Core Algebra I","Students with Disabilities",105,"31"
"000041000000","ONEIDA County","Regents Common Core Algebra I","English Language Learners",56,"45"
"000041000000","ONEIDA County","Regents Common Core Algebra I","All Students",958,"70"
"000041000000","ONEIDA County","Regents Common Core Algebra I","Non-English Language Learners",902,"72"
"000041000000","ONEIDA County","Regents Common Core Algebra I","Economically Disadvantaged",436,"56"
"000042000000","ONONDAGA County","Regents Common Core Algebra I","American Indian or Alaska Native",22,"68"
"000042000000","ONONDAGA County","Regents Common Core Algebra I","Parent in Armed Forces",5,"80"
"000042000000","ONONDAGA County","Regents Common Core Algebra I","Not Homeless",1810,"83"
"000042000000","ONONDAGA County","Regents Common Core Algebra I","Homeless",9,"67"
"000042000000","ONONDAGA County","Regents Common Core Algebra I","Multiracial",67,"82"
"000042000000","ONONDAGA County","Regents Common Core Algebra I","Hispanic or Latino",65,"78"
"000042000000","ONONDAGA County","Regents Common Core Algebra I","Female",909,"85"
"000042000000","ONONDAGA County","Regents Common Core Algebra I","Black or African American",106,"72"
"000042000000","ONONDAGA County","Regents Common Core Algebra I","Not Economically Disadvantaged",1362,"86"
"000042000000","ONONDAGA County","Regents Common Core Algebra I","Parent Not in Armed Forces",1814,"83"
"000042000000","ONONDAGA County","Regents Common Core Algebra I","Male",910,"81"
"000042000000","ONONDAGA County","Regents Common Core Algebra I","White",1453,"84"
"000042000000","ONONDAGA County","Regents Common Core Algebra I","Asian or Native Hawaiian/Other Pacific Islander",106,"93"
"000042000000","ONONDAGA County","Regents Common Core Algebra I","General Education",1662,"86"
"000042000000","ONONDAGA County","Regents Common Core Algebra I","Students with Disabilities",157,"48"
"000042000000","ONONDAGA County","Regents Common Core Algebra I","English Language Learners",15,"67"
"000042000000","ONONDAGA County","Regents Common Core Algebra I","All Students",1819,"83"
"000042000000","ONONDAGA County","Regents Common Core Algebra I","Non-English Language Learners",1804,"83"
"000042000000","ONONDAGA County","Regents Common Core Algebra I","Economically Disadvantaged",457,"73"
"000043000000","ONTARIO County","Regents Common Core Algebra I","Not in Foster Care",518,"73"
"000043000000","ONTARIO County","Regents Common Core Algebra I","Not Homeless",511,"74"
"000043000000","ONTARIO County","Regents Common Core Algebra I","Homeless",7,"43"
"000043000000","ONTARIO County","Regents Common Core Algebra I","Multiracial",19,"58"
"000043000000","ONTARIO County","Regents Common Core Algebra I","Hispanic or Latino",34,"50"
"000043000000","ONTARIO County","Regents Common Core Algebra I","Female",269,"75"
"000043000000","ONTARIO County","Regents Common Core Algebra I","Black or African American",8,"63"
"000043000000","ONTARIO County","Regents Common Core Algebra I","Not Economically Disadvantaged",350,"80"
"000043000000","ONTARIO County","Regents Common Core Algebra I","Not Migrant",518,"73"
"000043000000","ONTARIO County","Regents Common Core Algebra I","Male",249,"71"
"000043000000","ONTARIO County","Regents Common Core Algebra I","White",448,"76"
"000043000000","ONTARIO County","Regents Common Core Algebra I","Small Group Total",9,"78"
"000043000000","ONTARIO County","Regents Common Core Algebra I","General Education",462,"78"
"000043000000","ONTARIO County","Regents Common Core Algebra I","Students with Disabilities",56,"36"
"000043000000","ONTARIO County","Regents Common Core Algebra I","English Language Learners",5,"00"
"000043000000","ONTARIO County","Regents Common Core Algebra I","All Students",518,"73"
"000043000000","ONTARIO County","Regents Common Core Algebra I","Non-English Language Learners",513,"74"
"000043000000","ONTARIO County","Regents Common Core Algebra I","Economically Disadvantaged",168,"60"
"000044000000","ORANGE County","Regents Common Core Algebra I","Parent in Armed Forces",5,"100"
"000044000000","ORANGE County","Regents Common Core Algebra I","Not in Foster Care",295,"72"
"000044000000","ORANGE County","Regents Common Core Algebra I","Hispanic or Latino",89,"58"
"000044000000","ORANGE County","Regents Common Core Algebra I","Female",135,"76"
"000044000000","ORANGE County","Regents Common Core Algebra I","Black or African American",29,"59"
"000044000000","ORANGE County","Regents Common Core Algebra I","Not Economically Disadvantaged",207,"78"
"000044000000","ORANGE County","Regents Common Core Algebra I","Not Migrant",295,"72"
"000044000000","ORANGE County","Regents Common Core Algebra I","Parent Not in Armed Forces",290,"72"
"000044000000","ORANGE County","Regents Common Core Algebra I","Male",160,"69"
"000044000000","ORANGE County","Regents Common Core Algebra I","White",146,"79"
"000044000000","ORANGE County","Regents Common Core Algebra I","Small Group Total",31,"90"
"000044000000","ORANGE County","Regents Common Core Algebra I","General Education",275,"75"
"000044000000","ORANGE County","Regents Common Core Algebra I","Students with Disabilities",20,"35"
"000044000000","ORANGE County","Regents Common Core Algebra I","English Language Learners",11,"09"
"000044000000","ORANGE County","Regents Common Core Algebra I","All Students",295,"72"
"000044000000","ORANGE County","Regents Common Core Algebra I","Non-English Language Learners",284,"75"
"000044000000","ORANGE County","Regents Common Core Algebra I","Economically Disadvantaged",88,"59"
"000045000000","ORLEANS County","Regents Common Core Algebra I","Not in Foster Care",187,"76"
"000045000000","ORLEANS County","Regents Common Core Algebra I","Hispanic or Latino",18,"50"
"000045000000","ORLEANS County","Regents Common Core Algebra I","Female",88,"82"
"000045000000","ORLEANS County","Regents Common Core Algebra I","Migrant",5,"60"
"000045000000","ORLEANS County","Regents Common Core Algebra I","Not Economically Disadvantaged",99,"86"
"000045000000","ORLEANS County","Regents Common Core Algebra I","Not Migrant",182,"77"
"000045000000","ORLEANS County","Regents Common Core Algebra I","Male",99,"72"
"000045000000","ORLEANS County","Regents Common Core Algebra I","White",161,"81"
"000045000000","ORLEANS County","Regents Common Core Algebra I","Small Group Total",8,"38"
"000045000000","ORLEANS County","Regents Common Core Algebra I","General Education",179,"78"
"000045000000","ORLEANS County","Regents Common Core Algebra I","Students with Disabilities",8,"38"
"000045000000","ORLEANS County","Regents Common Core Algebra I","All Students",187,"76"
"000045000000","ORLEANS County","Regents Common Core Algebra I","Economically Disadvantaged",88,"66"
"000046000000","OSWEGO County","Regents Common Core Algebra I","Not Homeless",337,"82"
"000046000000","OSWEGO County","Regents Common Core Algebra I","Homeless",5,"60"
"000046000000","OSWEGO County","Regents Common Core Algebra I","Multiracial",13,"69"
"000046000000","OSWEGO County","Regents Common Core Algebra I","Female",181,"83"
"000046000000","OSWEGO County","Regents Common Core Algebra I","Not Economically Disadvantaged",188,"89"
"000046000000","OSWEGO County","Regents Common Core Algebra I","Not Migrant",342,"82"
"000046000000","OSWEGO County","Regents Common Core Algebra I","Male",161,"80"
"000046000000","OSWEGO County","Regents Common Core Algebra I","White",314,"83"
"000046000000","OSWEGO County","Regents Common Core Algebra I","Small Group Total",15,"60"
"000046000000","OSWEGO County","Regents Common Core Algebra I","General Education",311,"85"
"000046000000","OSWEGO County","Regents Common Core Algebra I","Students with Disabilities",31,"48"
"000046000000","OSWEGO County","Regents Common Core Algebra I","All Students",342,"82"
"000046000000","OSWEGO County","Regents Common Core Algebra I","Non-English Language Learners",342,"82"
"000046000000","OSWEGO County","Regents Common Core Algebra I","Economically Disadvantaged",154,"73"
"000047000000","OTSEGO County","Regents Common Core Algebra I","Male",152,"80"
"000047000000","OTSEGO County","Regents Common Core Algebra I","Not in Foster Care",310,"84"
"000047000000","OTSEGO County","Regents Common Core Algebra I","Not Homeless",310,"84"
"000047000000","OTSEGO County","Regents Common Core Algebra I","Multiracial",7,"86"
"000047000000","OTSEGO County","Regents Common Core Algebra I","Female",158,"88"
"000047000000","OTSEGO County","Regents Common Core Algebra I","Not Economically Disadvantaged",195,"89"
"000047000000","OTSEGO County","Regents Common Core Algebra I","Not Migrant",310,"84"
"000047000000","OTSEGO County","Regents Common Core Algebra I","Parent Not in Armed Forces",310,"84"
"000047000000","OTSEGO County","Regents Common Core Algebra I","White",282,"83"
"000047000000","OTSEGO County","Regents Common Core Algebra I","Asian or Native Hawaiian/Other Pacific Islander",14,"93"
"000047000000","OTSEGO County","Regents Common Core Algebra I","Small Group Total",7,"100"
"000047000000","OTSEGO County","Regents Common Core Algebra I","General Education",275,"89"
"000047000000","OTSEGO County","Regents Common Core Algebra I","Students with Disabilities",35,"43"
"000047000000","OTSEGO County","Regents Common Core Algebra I","All Students",310,"84"
"000047000000","OTSEGO County","Regents Common Core Algebra I","Economically Disadvantaged",115,"75"
"000048000000","PUTNAM County","Regents Common Core Algebra I","Male",118,"89"
"000048000000","PUTNAM County","Regents Common Core Algebra I","Not in Foster Care",224,"91"
"000048000000","PUTNAM County","Regents Common Core Algebra I","Not Homeless",224,"91"
"000048000000","PUTNAM County","Regents Common Core Algebra I","Hispanic or Latino",35,"89"
"000048000000","PUTNAM County","Regents Common Core Algebra I","Female",106,"93"
"000048000000","PUTNAM County","Regents Common Core Algebra I","Not Economically Disadvantaged",200,"92"
"000048000000","PUTNAM County","Regents Common Core Algebra I","Not Migrant",224,"91"
"000048000000","PUTNAM County","Regents Common Core Algebra I","Parent Not in Armed Forces",224,"91"
"000048000000","PUTNAM County","Regents Common Core Algebra I","White",172,"92"
"000048000000","PUTNAM County","Regents Common Core Algebra I","Asian or Native Hawaiian/Other Pacific Islander",8,"100"
"000048000000","PUTNAM County","Regents Common Core Algebra I","Small Group Total",9,"67"
"000048000000","PUTNAM County","Regents Common Core Algebra I","General Education",202,"94"
"000048000000","PUTNAM County","Regents Common Core Algebra I","Students with Disabilities",22,"68"
"000048000000","PUTNAM County","Regents Common Core Algebra I","All Students",224,"91"
"000048000000","PUTNAM County","Regents Common Core Algebra I","Economically Disadvantaged",24,"88"
"000049000000","RENSSELAER County","Regents Common Core Algebra I","Male",220,"66"
"000049000000","RENSSELAER County","Regents Common Core Algebra I","Multiracial",21,"48"
"000049000000","RENSSELAER County","Regents Common Core Algebra I","Students with Disabilities",34,"47"
"000049000000","RENSSELAER County","Regents Common Core Algebra I","Economically Disadvantaged",133,"54"
"000049000000","RENSSELAER County","Regents Common Core Algebra I","Female",216,"74"
"000049000000","RENSSELAER County","Regents Common Core Algebra I","Black or African American",31,"39"
"000049000000","RENSSELAER County","Regents Common Core Algebra I","Not Economically Disadvantaged",303,"77"
"000049000000","RENSSELAER County","Regents Common Core Algebra I","Not Migrant",436,"70"
"000049000000","RENSSELAER County","Regents Common Core Algebra I","White",346,"74"
"000049000000","RENSSELAER County","Regents Common Core Algebra I","Asian or Native Hawaiian/Other Pacific Islander",19,"84"
"000049000000","RENSSELAER County","Regents Common Core Algebra I","Small Group Total",19,"53"
"000049000000","RENSSELAER County","Regents Common Core Algebra I","General Education",402,"72"
"000049000000","RENSSELAER County","Regents Common Core Algebra I","All Students",436,"70"
"000050000000","ROCKLAND County","Regents Common Core Algebra I","Male",142,"94"
"000050000000","ROCKLAND County","Regents Common Core Algebra I","Not in Foster Care",290,"94"
"000050000000","ROCKLAND County","Regents Common Core Algebra I","Hispanic or Latino",50,"90"
"000050000000","ROCKLAND County","Regents Common Core Algebra I","Female",148,"94"
"000050000000","ROCKLAND County","Regents Common Core Algebra I","Black or African American",33,"100"
"000050000000","ROCKLAND County","Regents Common Core Algebra I","Not Economically Disadvantaged",225,"94"
"000050000000","ROCKLAND County","Regents Common Core Algebra I","Not Migrant",290,"94"
"000050000000","ROCKLAND County","Regents Common Core Algebra I","Parent Not in Armed Forces",290,"94"
"000050000000","ROCKLAND County","Regents Common Core Algebra I","White",143,"92"
"000050000000","ROCKLAND County","Regents Common Core Algebra I","Asian or Native Hawaiian/Other Pacific Islander",52,"98"
"000050000000","ROCKLAND County","Regents Common Core Algebra I","Small Group Total",12,"92"
"000050000000","ROCKLAND County","Regents Common Core Algebra I","General Education",254,"95"
"000050000000","ROCKLAND County","Regents Common Core Algebra I","Students with Disabilities",36,"86"
"000050000000","ROCKLAND County","Regents Common Core Algebra I","English Language Learners",8,"100"
"000050000000","ROCKLAND County","Regents Common Core Algebra I","All Students",290,"94"
"000050000000","ROCKLAND County","Regents Common Core Algebra I","Non-English Language Learners",282,"94"
"000050000000","ROCKLAND County","Regents Common Core Algebra I","Economically Disadvantaged",65,"92"
"000051000000","ST. LAWRENCE County","Regents Common Core Algebra I","Male",258,"72"
"000051000000","ST. LAWRENCE County","Regents Common Core Algebra I","American Indian or Alaska Native",19,"68"
"000051000000","ST. LAWRENCE County","Regents Common Core Algebra I","In Foster Care",6,"67"
"000051000000","ST. LAWRENCE County","Regents Common Core Algebra I","Not in Foster Care",506,"76"
"000051000000","ST. LAWRENCE County","Regents Common Core Algebra I","Multiracial",5,"100"
"000051000000","ST. LAWRENCE County","Regents Common Core Algebra I","Hispanic or Latino",9,"100"
"000051000000","ST. LAWRENCE County","Regents Common Core Algebra I","Female",254,"80"
"000051000000","ST. LAWRENCE County","Regents Common Core Algebra I","Not Economically Disadvantaged",308,"81"
"000051000000","ST. LAWRENCE County","Regents Common Core Algebra I","Parent Not in Armed Forces",512,"76"
"000051000000","ST. LAWRENCE County","Regents Common Core Algebra I","White",473,"75"
"000051000000","ST. LAWRENCE County","Regents Common Core Algebra I","Small Group Total",6,"100"
"000051000000","ST. LAWRENCE County","Regents Common Core Algebra I","General Education",449,"82"
"000051000000","ST. LAWRENCE County","Regents Common Core Algebra I","Students with Disabilities",63,"35"
"000051000000","ST. LAWRENCE County","Regents Common Core Algebra I","All Students",512,"76"
"000051000000","ST. LAWRENCE County","Regents Common Core Algebra I","Economically Disadvantaged",204,"68"
"000052000000","SARATOGA County","Regents Common Core Algebra I","Male",507,"78"
"000052000000","SARATOGA County","Regents Common Core Algebra I","Not Homeless",991,"80"
"000052000000","SARATOGA County","Regents Common Core Algebra I","Homeless",5,"60"
"000052000000","SARATOGA County","Regents Common Core Algebra I","Multiracial",37,"81"
"000052000000","SARATOGA County","Regents Common Core Algebra I","Hispanic or Latino",43,"84"
"000052000000","SARATOGA County","Regents Common Core Algebra I","Female",489,"83"
"000052000000","SARATOGA County","Regents Common Core Algebra I","Not Economically Disadvantaged",821,"85"
"000052000000","SARATOGA County","Regents Common Core Algebra I","White",845,"79"
"000052000000","SARATOGA County","Regents Common Core Algebra I","Asian or Native Hawaiian/Other Pacific Islander",61,"93"
"000052000000","SARATOGA County","Regents Common Core Algebra I","Small Group Total",10,"90"
"000052000000","SARATOGA County","Regents Common Core Algebra I","General Education",912,"85"
"000052000000","SARATOGA County","Regents Common Core Algebra I","Students with Disabilities",84,"32"
"000052000000","SARATOGA County","Regents Common Core Algebra I","English Language Learners",6,"50"
"000052000000","SARATOGA County","Regents Common Core Algebra I","All Students",996,"80"
"000052000000","SARATOGA County","Regents Common Core Algebra I","Non-English Language Learners",990,"81"
"000052000000","SARATOGA County","Regents Common Core Algebra I","Economically Disadvantaged",175,"61"
"000053000000","SCHENECTADY County","Regents Common Core Algebra I","Male",163,"85"
"000053000000","SCHENECTADY County","Regents Common Core Algebra I","Multiracial",8,"88"
"000053000000","SCHENECTADY County","Regents Common Core Algebra I","Hispanic or Latino",7,"43"
"000053000000","SCHENECTADY County","Regents Common Core Algebra I","Female",163,"91"
"000053000000","SCHENECTADY County","Regents Common Core Algebra I","Black or African American",5,"80"
"000053000000","SCHENECTADY County","Regents Common Core Algebra I","Not Economically Disadvantaged",281,"91"
"000053000000","SCHENECTADY County","Regents Common Core Algebra I","Not Migrant",326,"88"
"000053000000","SCHENECTADY County","Regents Common Core Algebra I","White",262,"89"
"000053000000","SCHENECTADY County","Regents Common Core Algebra I","Asian or Native Hawaiian/Other Pacific Islander",44,"93"
"000053000000","SCHENECTADY County","Regents Common Core Algebra I","General Education",308,"92"
"000053000000","SCHENECTADY County","Regents Common Core Algebra I","Students with Disabilities",18,"28"
"000053000000","SCHENECTADY County","Regents Common Core Algebra I","All Students",326,"88"
"000053000000","SCHENECTADY County","Regents Common Core Algebra I","Economically Disadvantaged",45,"69"
"000054000000","SCHOHARIE County","Regents Common Core Algebra I","Male",76,"62"
"000054000000","SCHOHARIE County","Regents Common Core Algebra I","Not in Foster Care",155,"65"
"000054000000","SCHOHARIE County","Regents Common Core Algebra I","Not Homeless",155,"65"
"000054000000","SCHOHARIE County","Regents Common Core Algebra I","Hispanic or Latino",5,"60"
"000054000000","SCHOHARIE County","Regents Common Core Algebra I","Female",79,"68"
"000054000000","SCHOHARIE County","Regents Common Core Algebra I","Not Economically Disadvantaged",105,"72"
"000054000000","SCHOHARIE County","Regents Common Core Algebra I","Not Migrant",155,"65"
"000054000000","SCHOHARIE County","Regents Common Core Algebra I","Parent Not in Armed Forces",155,"65"
"000054000000","SCHOHARIE County","Regents Common Core Algebra I","White",144,"65"
"000054000000","SCHOHARIE County","Regents Common Core Algebra I","Small Group Total",6,"83"
"000054000000","SCHOHARIE County","Regents Common Core Algebra I","General Education",134,"69"
"000054000000","SCHOHARIE County","Regents Common Core Algebra I","Students with Disabilities",21,"38"
"000054000000","SCHOHARIE County","Regents Common Core Algebra I","All Students",155,"65"
"000054000000","SCHOHARIE County","Regents Common Core Algebra I","Economically Disadvantaged",50,"50"
"000055000000","SCHUYLER County","Regents Common Core Algebra I","Male",44,"55"
"000055000000","SCHUYLER County","Regents Common Core Algebra I","Not in Foster Care",88,"58"
"000055000000","SCHUYLER County","Regents Common Core Algebra I","Female",44,"61"
"000055000000","SCHUYLER County","Regents Common Core Algebra I","Not Economically Disadvantaged",50,"70"
"000055000000","SCHUYLER County","Regents Common Core Algebra I","Not Migrant",88,"58"
"000055000000","SCHUYLER County","Regents Common Core Algebra I","Parent Not in Armed Forces",88,"58"
"000055000000","SCHUYLER County","Regents Common Core Algebra I","White",81,"57"
"000055000000","SCHUYLER County","Regents Common Core Algebra I","Small Group Total",7,"71"
"000055000000","SCHUYLER County","Regents Common Core Algebra I","General Education",78,"62"
"000055000000","SCHUYLER County","Regents Common Core Algebra I","Students with Disabilities",10,"30"
"000055000000","SCHUYLER County","Regents Common Core Algebra I","All Students",88,"58"
"000055000000","SCHUYLER County","Regents Common Core Algebra I","Non-English Language Learners",88,"58"
"000055000000","SCHUYLER County","Regents Common Core Algebra I","Economically Disadvantaged",38,"42"
"000056000000","SENECA County","Regents Common Core Algebra I","Male",93,"58"
"000056000000","SENECA County","Regents Common Core Algebra I","Not Homeless",179,"64"
"000056000000","SENECA County","Regents Common Core Algebra I","Multiracial",6,"67"
"000056000000","SENECA County","Regents Common Core Algebra I","Hispanic or Latino",5,"60"
"000056000000","SENECA County","Regents Common Core Algebra I","Female",86,"71"
"000056000000","SENECA County","Regents Common Core Algebra I","Not Economically Disadvantaged",109,"69"
"000056000000","SENECA County","Regents Common Core Algebra I","Not Migrant",179,"64"
"000056000000","SENECA County","Regents Common Core Algebra I","Parent Not in Armed Forces",179,"64"
"000056000000","SENECA County","Regents Common Core Algebra I","White",161,"65"
"000056000000","SENECA County","Regents Common Core Algebra I","Small Group Total",7,"43"
"000056000000","SENECA County","Regents Common Core Algebra I","General Education",147,"72"
"000056000000","SENECA County","Regents Common Core Algebra I","Students with Disabilities",32,"28"
"000056000000","SENECA County","Regents Common Core Algebra I","All Students",179,"64"
"000056000000","SENECA County","Regents Common Core Algebra I","Economically Disadvantaged",70,"57"
"000057000000","STEUBEN County","Regents Common Core Algebra I","Male",396,"67"
"000057000000","STEUBEN County","Regents Common Core Algebra I","Not Homeless",808,"71"
"000057000000","STEUBEN County","Regents Common Core Algebra I","Homeless",5,"20"
"000057000000","STEUBEN County","Regents Common Core Algebra I","Multiracial",26,"65"
"000057000000","STEUBEN County","Regents Common Core Algebra I","Hispanic or Latino",18,"67"
"000057000000","STEUBEN County","Regents Common Core Algebra I","Female",417,"73"
"000057000000","STEUBEN County","Regents Common Core Algebra I","Not Economically Disadvantaged",453,"78"
"000057000000","STEUBEN County","Regents Common Core Algebra I","Not Migrant",813,"70"
"000057000000","STEUBEN County","Regents Common Core Algebra I","Parent Not in Armed Forces",813,"70"
"000057000000","STEUBEN County","Regents Common Core Algebra I","White",739,"71"
"000057000000","STEUBEN County","Regents Common Core Algebra I","Asian or Native Hawaiian/Other Pacific Islander",16,"94"
"000057000000","STEUBEN County","Regents Common Core Algebra I","Small Group Total",14,"43"
"000057000000","STEUBEN County","Regents Common Core Algebra I","General Education",693,"77"
"000057000000","STEUBEN County","Regents Common Core Algebra I","Students with Disabilities",120,"32"
"000057000000","STEUBEN County","Regents Common Core Algebra I","All Students",813,"70"
"000057000000","STEUBEN County","Regents Common Core Algebra I","Economically Disadvantaged",360,"61"
"000058000000","SUFFOLK County","Regents Common Core Algebra I","Male",3226,"81"
"000058000000","SUFFOLK County","Regents Common Core Algebra I","American Indian or Alaska Native",18,"56"
"000058000000","SUFFOLK County","Regents Common Core Algebra I","Parent in Armed Forces",5,"100"
"000058000000","SUFFOLK County","Regents Common Core Algebra I","Not Homeless",6330,"84"
"000058000000","SUFFOLK County","Regents Common Core Algebra I","Homeless",44,"41"
"000058000000","SUFFOLK County","Regents Common Core Algebra I","Multiracial",153,"88"
"000058000000","SUFFOLK County","Regents Common Core Algebra I","Hispanic or Latino",1499,"65"
"000058000000","SUFFOLK County","Regents Common Core Algebra I","Female",3148,"86"
"000058000000","SUFFOLK County","Regents Common Core Algebra I","Black or African American",285,"70"
"000058000000","SUFFOLK County","Regents Common Core Algebra I","Not Economically Disadvantaged",4694,"90"
"000058000000","SUFFOLK County","Regents Common Core Algebra I","Parent Not in Armed Forces",6369,"84"
"000058000000","SUFFOLK County","Regents Common Core Algebra I","White",3991,"90"
"000058000000","SUFFOLK County","Regents Common Core Algebra I","Asian or Native Hawaiian/Other Pacific Islander",428,"94"
"000058000000","SUFFOLK County","Regents Common Core Algebra I","General Education",5817,"86"
"000058000000","SUFFOLK County","Regents Common Core Algebra I","Students with Disabilities",557,"57"
"000058000000","SUFFOLK County","Regents Common Core Algebra I","English Language Learners",325,"33"
"000058000000","SUFFOLK County","Regents Common Core Algebra I","All Students",6374,"84"
"000058000000","SUFFOLK County","Regents Common Core Algebra I","Non-English Language Learners",6049,"86"
"000058000000","SUFFOLK County","Regents Common Core Algebra I","Economically Disadvantaged",1680,"65"
"000059000000","SULLIVAN County","Regents Common Core Algebra I","Male",64,"59"
"000059000000","SULLIVAN County","Regents Common Core Algebra I","Not Homeless",124,"59"
"000059000000","SULLIVAN County","Regents Common Core Algebra I","Hispanic or Latino",14,"43"
"000059000000","SULLIVAN County","Regents Common Core Algebra I","Female",60,"58"
"000059000000","SULLIVAN County","Regents Common Core Algebra I","Black or African American",8,"38"
"000059000000","SULLIVAN County","Regents Common Core Algebra I","Not Economically Disadvantaged",68,"66"
"000059000000","SULLIVAN County","Regents Common Core Algebra I","Not Migrant",124,"59"
"000059000000","SULLIVAN County","Regents Common Core Algebra I","Parent Not in Armed Forces",124,"59"
"000059000000","SULLIVAN County","Regents Common Core Algebra I","White",92,"60"
"000059000000","SULLIVAN County","Regents Common Core Algebra I","Small Group Total",10,"90"
"000059000000","SULLIVAN County","Regents Common Core Algebra I","General Education",101,"68"
"000059000000","SULLIVAN County","Regents Common Core Algebra I","Students with Disabilities",23,"17"
"000059000000","SULLIVAN County","Regents Common Core Algebra I","All Students",124,"59"
"000059000000","SULLIVAN County","Regents Common Core Algebra I","Economically Disadvantaged",56,"50"
"000060000000","TIOGA County","Regents Common Core Algebra I","Male",150,"73"
"000060000000","TIOGA County","Regents Common Core Algebra I","Hispanic or Latino",8,"50"
"000060000000","TIOGA County","Regents Common Core Algebra I","Female",138,"83"
"000060000000","TIOGA County","Regents Common Core Algebra I","Not Economically Disadvantaged",157,"83"
"000060000000","TIOGA County","Regents Common Core Algebra I","Not Migrant",288,"78"
"000060000000","TIOGA County","Regents Common Core Algebra I","Parent Not in Armed Forces",288,"78"
"000060000000","TIOGA County","Regents Common Core Algebra I","White",275,"79"
"000060000000","TIOGA County","Regents Common Core Algebra I","Small Group Total",5,"80"
"000060000000","TIOGA County","Regents Common Core Algebra I","General Education",263,"81"
"000060000000","TIOGA County","Regents Common Core Algebra I","Students with Disabilities",25,"40"
"000060000000","TIOGA County","Regents Common Core Algebra I","All Students",288,"78"
"000060000000","TIOGA County","Regents Common Core Algebra I","Non-English Language Learners",288,"78"
"000060000000","TIOGA County","Regents Common Core Algebra I","Economically Disadvantaged",131,"72"
"000061000000","TOMPKINS County","Regents Common Core Algebra I","Male",200,"69"
"000061000000","TOMPKINS County","Regents Common Core Algebra I","Not in Foster Care",385,"71"
"000061000000","TOMPKINS County","Regents Common Core Algebra I","Multiracial",25,"72"
"000061000000","TOMPKINS County","Regents Common Core Algebra I","Hispanic or Latino",17,"88"
"000061000000","TOMPKINS County","Regents Common Core Algebra I","Female",185,"74"
"000061000000","TOMPKINS County","Regents Common Core Algebra I","Not Economically Disadvantaged",269,"82"
"000061000000","TOMPKINS County","Regents Common Core Algebra I","Not Migrant",385,"71"
"000061000000","TOMPKINS County","Regents Common Core Algebra I","White",312,"71"
"000061000000","TOMPKINS County","Regents Common Core Algebra I","Asian or Native Hawaiian/Other Pacific Islander",20,"90"
"000061000000","TOMPKINS County","Regents Common Core Algebra I","Small Group Total",11,"18"
"000061000000","TOMPKINS County","Regents Common Core Algebra I","General Education",333,"78"
"000061000000","TOMPKINS County","Regents Common Core Algebra I","Students with Disabilities",52,"27"
"000061000000","TOMPKINS County","Regents Common Core Algebra I","All Students",385,"71"
"000061000000","TOMPKINS County","Regents Common Core Algebra I","Economically Disadvantaged",116,"47"
"000062000000","ULSTER County","Regents Common Core Algebra I","Male",205,"74"
"000062000000","ULSTER County","Regents Common Core Algebra I","Hispanic or Latino",48,"65"
"000062000000","ULSTER County","Regents Common Core Algebra I","Female",161,"80"
"000062000000","ULSTER County","Regents Common Core Algebra I","Black or African American",18,"61"
"000062000000","ULSTER County","Regents Common Core Algebra I","Not Economically Disadvantaged",235,"83"
"000062000000","ULSTER County","Regents Common Core Algebra I","Not Migrant",366,"76"
"000062000000","ULSTER County","Regents Common Core Algebra I","Parent Not in Armed Forces",366,"76"
"000062000000","ULSTER County","Regents Common Core Algebra I","White",270,"77"
"000062000000","ULSTER County","Regents Common Core Algebra I","Asian or Native Hawaiian/Other Pacific Islander",16,"100"
"000062000000","ULSTER County","Regents Common Core Algebra I","Small Group Total",14,"86"
"000062000000","ULSTER County","Regents Common Core Algebra I","General Education",329,"80"
"000062000000","ULSTER County","Regents Common Core Algebra I","Students with Disabilities",37,"46"
"000062000000","ULSTER County","Regents Common Core Algebra I","All Students",366,"76"
"000062000000","ULSTER County","Regents Common Core Algebra I","Economically Disadvantaged",131,"64"
"000063000000","WARREN County","Regents Common Core Algebra I","Male",222,"77"
"000063000000","WARREN County","Regents Common Core Algebra I","Not in Foster Care",415,"78"
"000063000000","WARREN County","Regents Common Core Algebra I","Multiracial",8,"63"
"000063000000","WARREN County","Regents Common Core Algebra I","Hispanic or Latino",9,"67"
"000063000000","WARREN County","Regents Common Core Algebra I","Female",193,"79"
"000063000000","WARREN County","Regents Common Core Algebra I","Not Economically Disadvantaged",294,"86"
"000063000000","WARREN County","Regents Common Core Algebra I","Not Migrant",415,"78"
"000063000000","WARREN County","Regents Common Core Algebra I","White",376,"79"
"000063000000","WARREN County","Regents Common Core Algebra I","Asian or Native Hawaiian/Other Pacific Islander",14,"93"
"000063000000","WARREN County","Regents Common Core Algebra I","Small Group Total",8,"63"
"000063000000","WARREN County","Regents Common Core Algebra I","General Education",367,"85"
"000063000000","WARREN County","Regents Common Core Algebra I","Students with Disabilities",48,"27"
"000063000000","WARREN County","Regents Common Core Algebra I","All Students",415,"78"
"000063000000","WARREN County","Regents Common Core Algebra I","Economically Disadvantaged",121,"60"
"000064000000","WASHINGTON County","Regents Common Core Algebra I","Male",102,"70"
"000064000000","WASHINGTON County","Regents Common Core Algebra I","Not in Foster Care",190,"75"
"000064000000","WASHINGTON County","Regents Common Core Algebra I","Not Homeless",190,"75"
"000064000000","WASHINGTON County","Regents Common Core Algebra I","Hispanic or Latino",7,"86"
"000064000000","WASHINGTON County","Regents Common Core Algebra I","Female",88,"82"
"000064000000","WASHINGTON County","Regents Common Core Algebra I","Not Economically Disadvantaged",120,"79"
"000064000000","WASHINGTON County","Regents Common Core Algebra I","Not Migrant",190,"75"
"000064000000","WASHINGTON County","Regents Common Core Algebra I","Parent Not in Armed Forces",190,"75"
"000064000000","WASHINGTON County","Regents Common Core Algebra I","White",178,"76"
"000064000000","WASHINGTON County","Regents Common Core Algebra I","Small Group Total",5,"40"
"000064000000","WASHINGTON County","Regents Common Core Algebra I","General Education",166,"83"
"000064000000","WASHINGTON County","Regents Common Core Algebra I","Students with Disabilities",24,"25"
"000064000000","WASHINGTON County","Regents Common Core Algebra I","All Students",190,"75"
"000064000000","WASHINGTON County","Regents Common Core Algebra I","Non-English Language Learners",190,"75"
"000064000000","WASHINGTON County","Regents Common Core Algebra I","Economically Disadvantaged",70,"69"
"000065000000","WAYNE County","Regents Common Core Algebra I","Male",220,"57"
"000065000000","WAYNE County","Regents Common Core Algebra I","Not in Foster Care",411,"65"
"000065000000","WAYNE County","Regents Common Core Algebra I","Multiracial",9,"56"
"000065000000","WAYNE County","Regents Common Core Algebra I","Hispanic or Latino",24,"67"
"000065000000","WAYNE County","Regents Common Core Algebra I","Female",191,"75"
"000065000000","WAYNE County","Regents Common Core Algebra I","Black or African American",11,"64"
"000065000000","WAYNE County","Regents Common Core Algebra I","Not Economically Disadvantaged",259,"75"
"000065000000","WAYNE County","Regents Common Core Algebra I","White",360,"65"
"000065000000","WAYNE County","Regents Common Core Algebra I","Asian or Native Hawaiian/Other Pacific Islander",7,"86"
"000065000000","WAYNE County","Regents Common Core Algebra I","General Education",362,"71"
"000065000000","WAYNE County","Regents Common Core Algebra I","Students with Disabilities",49,"22"
"000065000000","WAYNE County","Regents Common Core Algebra I","All Students",411,"65"
"000065000000","WAYNE County","Regents Common Core Algebra I","Economically Disadvantaged",152,"50"
"000066000000","WESTCHESTER County","Regents Common Core Algebra I","Male",1740,"86"
"000066000000","WESTCHESTER County","Regents Common Core Algebra I","In Foster Care",8,"25"
"000066000000","WESTCHESTER County","Regents Common Core Algebra I","Not in Foster Care",3342,"87"
"000066000000","WESTCHESTER County","Regents Common Core Algebra I","Not Homeless",3333,"87"
"000066000000","WESTCHESTER County","Regents Common Core Algebra I","Homeless",17,"29"
"000066000000","WESTCHESTER County","Regents Common Core Algebra I","Hispanic or Latino",713,"74"
"000066000000","WESTCHESTER County","Regents Common Core Algebra I","Female",1610,"88"
"000066000000","WESTCHESTER County","Regents Common Core Algebra I","Black or African American",237,"52"
"000066000000","WESTCHESTER County","Regents Common Core Algebra I","Not Economically Disadvantaged",2661,"92"
"000066000000","WESTCHESTER County","Regents Common Core Algebra I","Not Migrant",3350,"87"
"000066000000","WESTCHESTER County","Regents Common Core Algebra I","Parent Not in Armed Forces",3350,"87"
"000066000000","WESTCHESTER County","Regents Common Core Algebra I","White",1906,"93"
"000066000000","WESTCHESTER County","Regents Common Core Algebra I","Asian or Native Hawaiian/Other Pacific Islander",347,"99"
"000066000000","WESTCHESTER County","Regents Common Core Algebra I","Small Group Total",147,"95"
"000066000000","WESTCHESTER County","Regents Common Core Algebra I","General Education",3052,"90"
"000066000000","WESTCHESTER County","Regents Common Core Algebra I","Students with Disabilities",298,"56"
"000066000000","WESTCHESTER County","Regents Common Core Algebra I","English Language Learners",69,"49"
"000066000000","WESTCHESTER County","Regents Common Core Algebra I","All Students",3350,"87"
"000066000000","WESTCHESTER County","Regents Common Core Algebra I","Non-English Language Learners",3281,"87"
"000066000000","WESTCHESTER County","Regents Common Core Algebra I","Economically Disadvantaged",689,"65"
"000067000000","WYOMING County","Regents Common Core Algebra I","Male",88,"86"
"000067000000","WYOMING County","Regents Common Core Algebra I","Not in Foster Care",181,"89"
"000067000000","WYOMING County","Regents Common Core Algebra I","Female",93,"91"
"000067000000","WYOMING County","Regents Common Core Algebra I","Not Economically Disadvantaged",119,"90"
"000067000000","WYOMING County","Regents Common Core Algebra I","Not Migrant",181,"89"
"000067000000","WYOMING County","Regents Common Core Algebra I","Parent Not in Armed Forces",181,"89"
"000067000000","WYOMING County","Regents Common Core Algebra I","Small Group Total",181,"89"
"000067000000","WYOMING County","Regents Common Core Algebra I","General Education",163,"94"
"000067000000","WYOMING County","Regents Common Core Algebra I","Students with Disabilities",18,"39"
"000067000000","WYOMING County","Regents Common Core Algebra I","All Students",181,"89"
"000067000000","WYOMING County","Regents Common Core Algebra I","Non-English Language Learners",181,"89"
"000067000000","WYOMING County","Regents Common Core Algebra I","Economically Disadvantaged",62,"87"
"000068000000","YATES County","Regents Common Core Algebra I","Male",76,"76"
"000068000000","YATES County","Regents Common Core Algebra I","Not in Foster Care",133,"80"
"000068000000","YATES County","Regents Common Core Algebra I","Hispanic or Latino",6,"67"
"000068000000","YATES County","Regents Common Core Algebra I","Female",57,"84"
"000068000000","YATES County","Regents Common Core Algebra I","Not Economically Disadvantaged",71,"93"
"000068000000","YATES County","Regents Common Core Algebra I","Not Migrant",133,"80"
"000068000000","YATES County","Regents Common Core Algebra I","Parent Not in Armed Forces",133,"80"
"000068000000","YATES County","Regents Common Core Algebra I","White",121,"81"
"000068000000","YATES County","Regents Common Core Algebra I","Small Group Total",6,"67"
"000068000000","YATES County","Regents Common Core Algebra I","General Education",116,"85"
"000068000000","YATES County","Regents Common Core Algebra I","Students with Disabilities",17,"41"
"000068000000","YATES County","Regents Common Core Algebra I","All Students",133,"80"
"000068000000","YATES County","Regents Common Core Algebra I","Non-English Language Learners",133,"80"
"000068000000","YATES County","Regents Common Core Algebra I","Economically Disadvantaged",62,"65"
"000099000000","NYC Public Schools County","Regents Common Core Algebra I","White",1385,"87"
"000099000000","NYC Public Schools County","Regents Common Core Algebra I","Male",3958,"64"
"000099000000","NYC Public Schools County","Regents Common Core Algebra I","American Indian or Alaska Native",71,"55"
"000099000000","NYC Public Schools County","Regents Common Core Algebra I","Homeless",515,"46"
"000099000000","NYC Public Schools County","Regents Common Core Algebra I","In Foster Care",20,"30"
"000099000000","NYC Public Schools County","Regents Common Core Algebra I","Not in Foster Care",7741,"66"
"000099000000","NYC Public Schools County","Regents Common Core Algebra I","Not Homeless",7246,"67"
"000099000000","NYC Public Schools County","Regents Common Core Algebra I","Asian or Native Hawaiian/Other Pacific Islander",1827,"88"
"000099000000","NYC Public Schools County","Regents Common Core Algebra I","Hispanic or Latino",2603,"52"
"000099000000","NYC Public Schools County","Regents Common Core Algebra I","Female",3803,"67"
"000099000000","NYC Public Schools County","Regents Common Core Algebra I","Black or African American",1658,"43"
"000099000000","NYC Public Schools County","Regents Common Core Algebra I","All Students",7761,"66"
"000099000000","NYC Public Schools County","Regents Common Core Algebra I","Not Migrant",7761,"66"
"000099000000","NYC Public Schools County","Regents Common Core Algebra I","Multiracial",217,"85"
"000099000000","NYC Public Schools County","Regents Common Core Algebra I","General Education",6819,"71"
"000099000000","NYC Public Schools County","Regents Common Core Algebra I","Students with Disabilities",942,"28"
"000099000000","NYC Public Schools County","Regents Common Core Algebra I","English Language Learners",584,"36"
"000099000000","NYC Public Schools County","Regents Common Core Algebra I","Non-English Language Learners",7177,"68"
"000099000000","NYC Public Schools County","Regents Common Core Algebra I","Economically Disadvantaged",5204,"58"
"000099000000","NYC Public Schools County","Regents Common Core Algebra I","Not Economically Disadvantaged",2557,"81"
